model_version,n,mode,lanes,qubits,toffoli,cnot,full_depth,current_depth,toffoli_depth,seconds,data_root
ac-balanced-clean-v1,283,accumulation,1,27284,43934,13187321,26452,26575,23,0.878123626,external-repository-data
ac-balanced-clean-v1,283,accumulation,2,40375,61180,17047642,31030,31215,27,1.066012038,external-repository-data
ac-balanced-clean-v1,283,accumulation,3,53183,78426,21330105,35500,35685,31,0.865900583,external-repository-data
ac-balanced-clean-v1,283,accumulation,4,66274,95672,24869902,35500,35848,31,1.083430175,external-repository-data
ac-balanced-clean-v1,283,accumulation,5,79082,112918,29152365,39970,40318,35,1.967475723,external-repository-data
ac-balanced-clean-v1,283,accumulation,6,92173,130164,32692162,39970,40318,35,1.98250271,external-repository-data
ac-balanced-clean-v1,283,accumulation,7,104981,147410,36974625,39970,40481,35,1.55916256,external-repository-data
ac-balanced-clean-v1,283,accumulation,8,118072,164656,40514422,39970,40318,35,1.580233144,external-repository-data
ac-balanced-clean-v1,283,accumulation,9,130880,181902,44796885,44440,44788,39,2.14230944,external-repository-data
ac-balanced-clean-v1,283,accumulation,10,143971,199148,48336682,44440,44951,39,2.454782768,external-repository-data
ac-balanced-clean-v1,283,accumulation,11,156779,216394,52619145,44440,45114,39,3.763687894,external-repository-data
ac-balanced-clean-v1,283,accumulation,12,169870,233640,56158942,44440,44788,39,3.727410736,external-repository-data
ac-balanced-clean-v1,283,accumulation,13,182678,250886,60441405,44440,44951,39,2.323211179,external-repository-data
ac-balanced-clean-v1,283,accumulation,14,195769,268132,63981202,44440,44951,39,4.784714515,external-repository-data
ac-balanced-clean-v1,283,accumulation,15,208577,285378,68263665,44440,44951,39,3.406912551,external-repository-data
ac-balanced-clean-v1,283,accumulation,16,221668,302624,71803462,44440,44788,39,3.602082437,external-repository-data
ac-balanced-clean-v1,283,accumulation,17,234476,319870,76085925,48910,49258,43,4.577100476,external-repository-data
ac-balanced-clean-v1,283,accumulation,18,247567,337116,79625722,48910,49421,43,3.350477938,external-repository-data
ac-balanced-clean-v1,283,accumulation,19,260375,354362,83908185,48910,49584,43,3.642894161,external-repository-data
ac-balanced-clean-v1,283,accumulation,20,273466,371608,87447982,48910,49421,43,5.646882985,external-repository-data
ac-balanced-clean-v1,283,accumulation,21,286274,388854,91730445,48910,49584,43,5.506754468,external-repository-data
ac-balanced-clean-v1,283,accumulation,22,299365,406100,95270242,48910,49584,43,4.006547877,external-repository-data
ac-balanced-clean-v1,283,accumulation,23,312173,423346,99552705,48910,49584,43,4.413408789,external-repository-data
ac-balanced-clean-v1,283,accumulation,24,325264,440592,103092502,48910,49258,43,5.266689145,external-repository-data
ac-balanced-clean-v1,283,accumulation,25,338072,457838,107374965,48910,49421,43,6.77358373,external-repository-data
ac-balanced-clean-v1,283,accumulation,26,351163,475084,110914762,48910,49421,43,6.782070587,external-repository-data
ac-balanced-clean-v1,283,accumulation,27,363971,492330,115197225,48910,49584,43,8.752325358,external-repository-data
ac-balanced-clean-v1,283,accumulation,28,377062,509576,118737022,48910,49421,43,5.43342908,external-repository-data
ac-balanced-clean-v1,283,accumulation,29,389870,526822,123019485,48910,49421,43,5.258972782,external-repository-data
ac-balanced-clean-v1,283,accumulation,30,402961,544068,126559282,48910,49421,43,10.16378901,external-repository-data
ac-balanced-clean-v1,283,accumulation,31,415769,561314,130841745,48910,49421,43,9.707040004,external-repository-data
ac-balanced-clean-v1,283,accumulation,32,428860,578560,134381542,48910,49258,43,8.117997511,external-repository-data
ac-balanced-clean-v1,283,accumulation,33,441668,595806,138664005,53380,53728,47,6.773033891,external-repository-data
ac-balanced-clean-v1,283,accumulation,34,454759,613052,142203802,53380,53891,47,5.936947335,external-repository-data
ac-balanced-clean-v1,283,accumulation,35,467567,630298,146486265,53380,54054,47,11.241539654,external-repository-data
ac-balanced-clean-v1,283,accumulation,36,480658,647544,150026062,53380,53891,47,7.370624629,external-repository-data
ac-balanced-clean-v1,283,accumulation,37,493466,664790,154308525,53380,54054,47,8.732551909,external-repository-data
ac-balanced-clean-v1,283,accumulation,38,506557,682036,157848322,53380,54054,47,9.798684149,external-repository-data
ac-balanced-clean-v1,283,accumulation,39,519365,699282,162130785,53380,54054,47,10.993816135,external-repository-data
ac-balanced-clean-v1,283,accumulation,40,532456,716528,165670582,53380,53891,47,7.894861437,external-repository-data
ac-balanced-clean-v1,283,accumulation,41,545264,733774,169953045,53380,54054,47,15.242025846,external-repository-data
ac-balanced-clean-v1,283,accumulation,42,558355,751020,173492842,53380,54054,47,14.01980365,external-repository-data
ac-balanced-clean-v1,283,accumulation,43,571163,768266,177775305,53380,54217,47,12.35352884,external-repository-data
ac-balanced-clean-v1,283,accumulation,44,584254,785512,181315102,53380,54054,47,13.892340639,external-repository-data
ac-balanced-clean-v1,283,accumulation,45,597062,802758,185597565,53380,54054,47,13.679927702,external-repository-data
ac-balanced-clean-v1,283,accumulation,46,610153,820004,189137362,53380,54054,47,9.318475357,external-repository-data
ac-balanced-clean-v1,283,accumulation,47,622961,837250,193419825,53380,54054,47,14.533578458,external-repository-data
ac-balanced-clean-v1,283,accumulation,48,636052,854496,196959622,53380,53728,47,8.334066766,external-repository-data
ac-balanced-clean-v1,283,accumulation,49,648860,871742,201242085,53380,53891,47,14.574672709,external-repository-data
ac-balanced-clean-v1,283,accumulation,50,661951,888988,204781882,53380,53891,47,11.9480749,external-repository-data
ac-balanced-clean-v1,283,accumulation,51,674759,906234,209064345,53380,54054,47,14.705413783,external-repository-data
ac-balanced-clean-v1,283,accumulation,52,687850,923480,212604142,53380,53891,47,11.012274652,external-repository-data
ac-balanced-clean-v1,283,accumulation,53,700658,940726,216886605,53380,54054,47,10.364403055,external-repository-data
ac-balanced-clean-v1,283,accumulation,54,713749,957972,220426402,53380,54054,47,17.595958655,external-repository-data
ac-balanced-clean-v1,283,accumulation,55,726557,975218,224708865,53380,54054,47,17.618440615,external-repository-data
ac-balanced-clean-v1,283,accumulation,56,739648,992464,228248662,53380,53891,47,9.813092289,external-repository-data
ac-balanced-clean-v1,283,accumulation,57,752456,1009710,232531125,53380,53891,47,15.166732081,external-repository-data
ac-balanced-clean-v1,283,accumulation,58,765547,1026956,236070922,53380,53891,47,12.109126181,external-repository-data
ac-balanced-clean-v1,283,accumulation,59,778355,1044202,240353385,53380,54054,47,17.786017545,external-repository-data
ac-balanced-clean-v1,283,accumulation,60,791446,1061448,243893182,53380,53891,47,11.479108992,external-repository-data
ac-balanced-clean-v1,283,accumulation,61,804254,1078694,248175645,53380,53891,47,17.620515888,external-repository-data
ac-balanced-clean-v1,283,accumulation,62,817345,1095940,251715442,53380,53891,47,16.190088259,external-repository-data
ac-balanced-clean-v1,283,accumulation,63,830153,1113186,255997905,53380,53891,47,13.312470238,external-repository-data
ac-balanced-clean-v1,283,accumulation,64,843244,1130432,259537702,53380,53728,47,11.772987054,external-repository-data
ac-balanced-clean-v1,283,accumulation,65,856052,1147678,263820165,57850,58198,51,16.474401732,external-repository-data
ac-balanced-clean-v1,283,accumulation,66,869143,1164924,267359962,57850,58361,51,21.765829213,external-repository-data
ac-balanced-clean-v1,283,accumulation,67,881951,1182170,271642425,57850,58524,51,22.260955413,external-repository-data
ac-balanced-clean-v1,283,accumulation,68,895042,1199416,275182222,57850,58361,51,13.784706536,external-repository-data
ac-balanced-clean-v1,283,accumulation,69,907850,1216662,279464685,57850,58524,51,20.999854439,external-repository-data
ac-balanced-clean-v1,283,accumulation,70,920941,1233908,283004482,57850,58524,51,17.734775171,external-repository-data
ac-balanced-clean-v1,283,accumulation,71,933749,1251154,287286945,57850,58524,51,21.76501184,external-repository-data
ac-balanced-clean-v1,283,accumulation,72,946840,1268400,290826742,57850,58361,51,16.179525037,external-repository-data
ac-balanced-clean-v1,283,accumulation,73,959648,1285646,295109205,57850,58524,51,17.409586569,external-repository-data
ac-balanced-clean-v1,283,accumulation,74,972739,1302892,298649002,57850,58524,51,21.950213555,external-repository-data
ac-balanced-clean-v1,283,accumulation,75,985547,1320138,302931465,57850,58687,51,20.995062542,external-repository-data
ac-balanced-clean-v1,283,accumulation,76,998638,1337384,306471262,57850,58524,51,17.777290923,external-repository-data
ac-balanced-clean-v1,283,accumulation,77,1011446,1354630,310753725,57850,58524,51,22.387368716,external-repository-data
ac-balanced-clean-v1,283,accumulation,78,1024537,1371876,314293522,57850,58524,51,19.748928247,external-repository-data
ac-balanced-clean-v1,283,accumulation,79,1037345,1389122,318575985,57850,58524,51,28.661342813,external-repository-data
ac-balanced-clean-v1,283,accumulation,80,1050436,1406368,322115782,57850,58361,51,17.961352707,external-repository-data
ac-balanced-clean-v1,283,accumulation,81,1063244,1423614,326398245,57850,58524,51,26.276385444,external-repository-data
ac-balanced-clean-v1,283,accumulation,82,1076335,1440860,329938042,57850,58524,51,27.061598309,external-repository-data
ac-balanced-clean-v1,283,accumulation,83,1089143,1458106,334220505,57850,58687,51,21.726341807,external-repository-data
ac-balanced-clean-v1,283,accumulation,84,1102234,1475352,337760302,57850,58524,51,21.16247828,external-repository-data
ac-balanced-clean-v1,283,accumulation,85,1115042,1492598,342042765,57850,58687,51,25.555033871,external-repository-data
ac-balanced-clean-v1,283,accumulation,86,1128133,1509844,345582562,57850,58687,51,24.669415535,external-repository-data
ac-balanced-clean-v1,283,accumulation,87,1140941,1527090,349865025,57850,58687,51,24.177401599,external-repository-data
ac-balanced-clean-v1,283,accumulation,88,1154032,1544336,353404822,57850,58524,51,24.409718098,external-repository-data
ac-balanced-clean-v1,283,accumulation,89,1166840,1561582,357687285,57850,58524,51,22.829566751,external-repository-data
ac-balanced-clean-v1,283,accumulation,90,1179931,1578828,361227082,57850,58524,51,22.321793691,external-repository-data
ac-balanced-clean-v1,283,accumulation,91,1192739,1596074,365509545,57850,58687,51,25.791018178,external-repository-data
ac-balanced-clean-v1,283,accumulation,92,1205830,1613320,369049342,57850,58524,51,23.633388448,external-repository-data
ac-balanced-clean-v1,283,accumulation,93,1218638,1630566,373331805,57850,58524,51,31.864610409,external-repository-data
ac-balanced-clean-v1,283,accumulation,94,1231729,1647812,376871602,57850,58524,51,31.187904168,external-repository-data
ac-balanced-clean-v1,283,accumulation,95,1244537,1665058,381154065,57850,58524,51,30.256958131,external-repository-data
ac-balanced-clean-v1,283,accumulation,96,1257628,1682304,384693862,57850,58198,51,26.33923062,external-repository-data
ac-balanced-clean-v1,283,accumulation,97,1270436,1699550,388976325,57850,58361,51,27.01376373,external-repository-data
ac-balanced-clean-v1,283,accumulation,98,1283527,1716796,392516122,57850,58361,51,29.750994726,external-repository-data
ac-balanced-clean-v1,283,accumulation,99,1296335,1734042,396798585,57850,58524,51,28.764597352,external-repository-data
ac-balanced-clean-v1,283,accumulation,100,1309426,1751288,400338382,57850,58361,51,36.048646356,external-repository-data
ac-balanced-clean-v1,283,accumulation,101,1322234,1768534,404620845,57850,58524,51,28.93821074,external-repository-data
ac-balanced-clean-v1,283,accumulation,102,1335325,1785780,408160642,57850,58524,51,27.709604811,external-repository-data
ac-balanced-clean-v1,283,accumulation,103,1348133,1803026,412443105,57850,58524,51,29.009633272,external-repository-data
ac-balanced-clean-v1,283,accumulation,104,1361224,1820272,415982902,57850,58361,51,27.184798778,external-repository-data
ac-balanced-clean-v1,283,accumulation,105,1374032,1837518,420265365,57850,58524,51,39.762411566,external-repository-data
ac-balanced-clean-v1,283,accumulation,106,1387123,1854764,423805162,57850,58524,51,39.07187517,external-repository-data
ac-balanced-clean-v1,283,accumulation,107,1399931,1872010,428087625,57850,58687,51,36.245809223,external-repository-data
ac-balanced-clean-v1,283,accumulation,108,1413022,1889256,431627422,57850,58524,51,33.123109925,external-repository-data
ac-balanced-clean-v1,283,accumulation,109,1425830,1906502,435909885,57850,58524,51,33.224184544,external-repository-data
ac-balanced-clean-v1,283,accumulation,110,1438921,1923748,439449682,57850,58524,51,31.195562779,external-repository-data
ac-balanced-clean-v1,283,accumulation,111,1451729,1940994,443732145,57850,58524,51,31.633557301,external-repository-data
ac-balanced-clean-v1,283,accumulation,112,1464820,1958240,447271942,57850,58361,51,31.360305141,external-repository-data
ac-balanced-clean-v1,283,accumulation,113,1477628,1975486,451554405,57850,58361,51,30.912076516,external-repository-data
ac-balanced-clean-v1,283,accumulation,114,1490719,1992732,455094202,57850,58361,51,30.979679057,external-repository-data
ac-balanced-clean-v1,283,accumulation,115,1503527,2009978,459376665,57850,58524,51,30.744752606,external-repository-data
ac-balanced-clean-v1,283,accumulation,116,1516618,2027224,462916462,57850,58361,51,30.542559884,external-repository-data
ac-balanced-clean-v1,283,accumulation,117,1529426,2044470,467198925,57850,58524,51,44.206598528,external-repository-data
ac-balanced-clean-v1,283,accumulation,118,1542517,2061716,470738722,57850,58524,51,38.379390517,external-repository-data
ac-balanced-clean-v1,283,accumulation,119,1555325,2078962,475021185,57850,58524,51,38.389646007,external-repository-data
ac-balanced-clean-v1,283,accumulation,120,1568416,2096208,478560982,57850,58361,51,39.056385633,external-repository-data
ac-balanced-clean-v1,283,accumulation,121,1581224,2113454,482843445,57850,58361,51,38.786779291,external-repository-data
ac-balanced-clean-v1,283,accumulation,122,1594315,2130700,486383242,57850,58361,51,37.375485375,external-repository-data
ac-balanced-clean-v1,283,accumulation,123,1607123,2147946,490665705,57850,58524,51,34.601317616,external-repository-data
ac-balanced-clean-v1,283,accumulation,124,1620214,2165192,494205502,57850,58361,51,37.842850033,external-repository-data
ac-balanced-clean-v1,283,accumulation,125,1633022,2182438,498487965,57850,58361,51,37.646018827,external-repository-data
ac-balanced-clean-v1,283,accumulation,126,1646113,2199684,502027762,57850,58361,51,35.768798237,external-repository-data
ac-balanced-clean-v1,283,accumulation,127,1658921,2216930,506310225,57850,58361,51,35.274944451,external-repository-data
ac-balanced-clean-v1,283,accumulation,128,1672012,2234176,509850022,57850,58198,51,36.483239549,external-repository-data
ac-balanced-clean-v1,283,reduction,1,27284,43368,13186474,26441,26563,22,0.504759649,external-repository-data
ac-balanced-clean-v1,283,reduction,2,40375,60048,17045948,31019,31203,26,0.655809346,external-repository-data
ac-balanced-clean-v1,283,reduction,3,53183,76728,21327564,35489,35673,30,0.928158747,external-repository-data
ac-balanced-clean-v1,283,reduction,4,66274,93408,24866514,35489,35835,30,0.994247672,external-repository-data
ac-balanced-clean-v1,283,reduction,5,79082,110088,29148130,39959,40305,34,1.607511724,external-repository-data
ac-balanced-clean-v1,283,reduction,6,92173,126768,32687080,39959,40305,34,1.436380775,external-repository-data
ac-balanced-clean-v1,283,reduction,7,104981,143448,36968696,39959,40467,34,1.568566863,external-repository-data
ac-balanced-clean-v1,283,reduction,8,118072,160128,40507646,39959,40305,34,1.734594956,external-repository-data
ac-balanced-clean-v1,283,reduction,9,130880,176808,44789262,44429,44775,38,2.163770622,external-repository-data
ac-balanced-clean-v1,283,reduction,10,143971,193488,48328212,44429,44937,38,2.346823533,external-repository-data
ac-balanced-clean-v1,283,reduction,11,156779,210168,52609828,44429,45099,38,2.248804436,external-repository-data
ac-balanced-clean-v1,283,reduction,12,169870,226848,56148778,44429,44775,38,2.574993682,external-repository-data
ac-balanced-clean-v1,283,reduction,13,182678,243528,60430394,44429,44937,38,2.754126322,external-repository-data
ac-balanced-clean-v1,283,reduction,14,195769,260208,63969344,44429,44937,38,2.873548967,external-repository-data
ac-balanced-clean-v1,283,reduction,15,208577,276888,68250960,44429,44937,38,2.906924292,external-repository-data
ac-balanced-clean-v1,283,reduction,16,221668,293568,71789910,44429,44775,38,2.913759804,external-repository-data
ac-balanced-clean-v1,283,reduction,17,234476,310248,76071526,48899,49245,42,3.662663157,external-repository-data
ac-balanced-clean-v1,283,reduction,18,247567,326928,79610476,48899,49407,42,3.905259202,external-repository-data
ac-balanced-clean-v1,283,reduction,19,260375,343608,83892092,48899,49569,42,3.956367174,external-repository-data
ac-balanced-clean-v1,283,reduction,20,273466,360288,87431042,48899,49407,42,4.699508144,external-repository-data
ac-balanced-clean-v1,283,reduction,21,286274,376968,91712658,48899,49569,42,4.404698851,external-repository-data
ac-balanced-clean-v1,283,reduction,22,299365,393648,95251608,48899,49569,42,3.905973074,external-repository-data
ac-balanced-clean-v1,283,reduction,23,312173,410328,99533224,48899,49569,42,4.607448614,external-repository-data
ac-balanced-clean-v1,283,reduction,24,325264,427008,103072174,48899,49245,42,4.800892784,external-repository-data
ac-balanced-clean-v1,283,reduction,25,338072,443688,107353790,48899,49407,42,4.52292646,external-repository-data
ac-balanced-clean-v1,283,reduction,26,351163,460368,110892740,48899,49407,42,5.232318069,external-repository-data
ac-balanced-clean-v1,283,reduction,27,363971,477048,115174356,48899,49569,42,5.2491708,external-repository-data
ac-balanced-clean-v1,283,reduction,28,377062,493728,118713306,48899,49407,42,4.940485843,external-repository-data
ac-balanced-clean-v1,283,reduction,29,389870,510408,122994922,48899,49407,42,6.468578671,external-repository-data
ac-balanced-clean-v1,283,reduction,30,402961,527088,126533872,48899,49407,42,6.531859751,external-repository-data
ac-balanced-clean-v1,283,reduction,31,415769,543768,130815488,48899,49407,42,5.388266236,external-repository-data
ac-balanced-clean-v1,283,reduction,32,428860,560448,134354438,48899,49245,42,5.511284329,external-repository-data
ac-balanced-clean-v1,283,reduction,33,441668,577128,138636054,53369,53715,46,9.173204914,external-repository-data
ac-balanced-clean-v1,283,reduction,34,454759,593808,142175004,53369,53877,46,7.148679062,external-repository-data
ac-balanced-clean-v1,283,reduction,35,467567,610488,146456620,53369,54039,46,10.270854372,external-repository-data
ac-balanced-clean-v1,283,reduction,36,480658,627168,149995570,53369,53877,46,7.425874963,external-repository-data
ac-balanced-clean-v1,283,reduction,37,493466,643848,154277186,53369,54039,46,8.701382181,external-repository-data
ac-balanced-clean-v1,283,reduction,38,506557,660528,157816136,53369,54039,46,9.130211083,external-repository-data
ac-balanced-clean-v1,283,reduction,39,519365,677208,162097752,53369,54039,46,12.954591189,external-repository-data
ac-balanced-clean-v1,283,reduction,40,532456,693888,165636702,53369,53877,46,11.38436686,external-repository-data
ac-balanced-clean-v1,283,reduction,41,545264,710568,169918318,53369,54039,46,9.327300026,external-repository-data
ac-balanced-clean-v1,283,reduction,42,558355,727248,173457268,53369,54039,46,9.585950454,external-repository-data
ac-balanced-clean-v1,283,reduction,43,571163,743928,177738884,53369,54201,46,9.055789255,external-repository-data
ac-balanced-clean-v1,283,reduction,44,584254,760608,181277834,53369,54039,46,8.028051745,external-repository-data
ac-balanced-clean-v1,283,reduction,45,597062,777288,185559450,53369,54039,46,8.703232852,external-repository-data
ac-balanced-clean-v1,283,reduction,46,610153,793968,189098400,53369,54039,46,13.525545898,external-repository-data
ac-balanced-clean-v1,283,reduction,47,622961,810648,193380016,53369,54039,46,13.14779,external-repository-data
ac-balanced-clean-v1,283,reduction,48,636052,827328,196918966,53369,53715,46,10.394955426,external-repository-data
ac-balanced-clean-v1,283,reduction,49,648860,844008,201200582,53369,53877,46,10.508073635,external-repository-data
ac-balanced-clean-v1,283,reduction,50,661951,860688,204739532,53369,53877,46,11.141776859,external-repository-data
ac-balanced-clean-v1,283,reduction,51,674759,877368,209021148,53369,54039,46,10.480806659,external-repository-data
ac-balanced-clean-v1,283,reduction,52,687850,894048,212560098,53369,53877,46,14.677826789,external-repository-data
ac-balanced-clean-v1,283,reduction,53,700658,910728,216841714,53369,54039,46,15.284889257,external-repository-data
ac-balanced-clean-v1,283,reduction,54,713749,927408,220380664,53369,54039,46,11.394725844,external-repository-data
ac-balanced-clean-v1,283,reduction,55,726557,944088,224662280,53369,54039,46,10.727574831,external-repository-data
ac-balanced-clean-v1,283,reduction,56,739648,960768,228201230,53369,53877,46,11.442717519,external-repository-data
ac-balanced-clean-v1,283,reduction,57,752456,977448,232482846,53369,53877,46,10.382954211,external-repository-data
ac-balanced-clean-v1,283,reduction,58,765547,994128,236021796,53369,53877,46,16.234963237,external-repository-data
ac-balanced-clean-v1,283,reduction,59,778355,1010808,240303412,53369,54039,46,14.985878061,external-repository-data
ac-balanced-clean-v1,283,reduction,60,791446,1027488,243842362,53369,53877,46,13.578322947,external-repository-data
ac-balanced-clean-v1,283,reduction,61,804254,1044168,248123978,53369,53877,46,11.703238256,external-repository-data
ac-balanced-clean-v1,283,reduction,62,817345,1060848,251662928,53369,53877,46,14.302013948,external-repository-data
ac-balanced-clean-v1,283,reduction,63,830153,1077528,255944544,53369,53877,46,12.532701555,external-repository-data
ac-balanced-clean-v1,283,reduction,64,843244,1094208,259483494,53369,53715,46,11.421485123,external-repository-data
