model_version,n,total_inputs,w,accumulation_layers,reduction_layers,toffoli,cnot,full_depth,current_depth,toffoli_depth,qubits,dw_full,dw_current,tdw,log2_dw_full,log2_dw_current,log2_tdw,seconds
ac-balanced-clean-nct-v2,163,328,1,327,0,13248732,2250677878,9642616,9701476,13734,226287,2181998646792,2195317899612,3107825658,40.9887873455953,40.9975670073317,31.5332584280686,0.126210792
ac-balanced-clean-nct-v2,163,328,2,163,1,9703808,1526876052,5756674,5794344,8190,232139,1336348545686,1345093221816,1901218410,40.2814334784597,40.2908433010147,30.8242771308039,0.133060208
ac-balanced-clean-nct-v2,163,328,3,109,2,8550724,1320326794,4490540,4515920,6386,237176,1065048315040,1071067841920,1514605936,39.9540560172568,39.962187002585,30.4962953419888,0.133262583
ac-balanced-clean-nct-v2,163,328,4,81,2,7941240,1172416824,3366180,3403202,4786,243680,820270742400,829292263360,1166252480,39.5773092147714,39.593089676956,30.1192330029132,0.144315083
ac-balanced-clean-nct-v2,163,328,5,65,3,7614428,1122045974,3103422,3133170,4410,247413,767826947286,775186989210,1091091330,39.481990236967,39.4957534004276,30.0231247217554,0.180463708
ac-balanced-clean-nct-v2,163,328,6,54,3,7374592,1058907752,2598822,2623820,3692,252613,656496221886,662811041660,932647196,39.2559957522409,39.2698066801397,29.7967561972608,0.234656583
ac-balanced-clean-nct-v2,163,328,7,46,3,7199988,1034416626,2239022,2270444,3180,256998,575424175956,583499567112,817253640,39.0658348797133,39.0859406293841,29.6062086567852,0.249027916
ac-balanced-clean-nct-v2,163,328,8,40,3,7068872,997378176,1960718,1979660,2784,266762,523045055116,528098060920,742665408,38.9281442693781,38.9420148878663,29.4681371408707,0.409045416
ac-balanced-clean-nct-v2,163,328,9,36,4,7002988,992487674,1995864,2013178,2832,269843,538569929352,543241991054,764195376,38.9703427240539,38.982804043859,29.5093662873491,0.281621709
ac-balanced-clean-nct-v2,163,328,10,32,4,6915360,967014320,1799080,1821468,2552,273087,491305359960,497419231716,696918024,38.8378290222058,38.8556713313016,29.376413726062,0.488079875
ac-balanced-clean-nct-v2,163,328,11,29,4,6849476,960919526,1654304,1680886,2346,278124,460101645696,467494737864,652478904,38.7431616604569,38.7661591698303,29.2813560162043,0.368925625
ac-balanced-clean-nct-v2,163,328,12,27,4,6805336,945135956,1539040,1552286,2182,287236,442067693440,445872421496,626748952,38.6854763489262,38.6978400112948,29.2233124377996,0.684727167
ac-balanced-clean-nct-v2,163,328,13,25,4,6761196,942212934,1440672,1458170,2042,293577,422948163744,428085174090,599484234,38.6216899021605,38.6391069151818,29.1591465714054,0.422907667
ac-balanced-clean-nct-v2,163,328,14,23,4,6717056,927835848,1342280,1358874,1902,297473,399292058440,404228325402,565793646,38.5386534221102,38.5563794626711,29.0757007341085,0.465075208
ac-balanced-clean-nct-v2,163,328,15,21,4,6672916,923772978,1243888,1259578,1762,298598,371422469024,376107471644,526129676,38.4342701368183,38.452354010593,28.9708431857361,0.445491375
ac-balanced-clean-nct-v2,163,328,16,20,4,6650520,914240784,1186256,1196610,1680,307710,365022833760,368208863100,516952800,38.4091957574028,38.4217333977615,28.9454573214292,0.743563
ac-balanced-clean-nct-v2,163,328,17,19,5,6649868,918727850,1264946,1275028,1790,315355,398907045830,402086454940,564485450,38.537261649498,38.5487147807447,29.0723611541213,0.513752625
ac-balanced-clean-nct-v2,163,328,18,18,5,6627472,910133312,1207314,1220718,1708,321859,388584876726,392899074762,549735172,38.4994387977543,38.5153678141591,29.0341615449084,0.810641292
ac-balanced-clean-nct-v2,163,328,19,17,5,6605076,909977678,1160930,1177212,1642,326896,379503373280,384825893952,536763232,38.4653217530979,38.4854149214014,28.9997106101675,0.58817675
ac-balanced-clean-nct-v2,163,328,20,16,5,6582680,901383140,1103298,1115576,1560,330792,364962152016,369023616192,516035520,38.408955902466,38.4249221903254,28.9428951324299,0.887941792
ac-balanced-clean-nct-v2,163,328,21,15,5,6560284,900758678,1056914,1071848,1494,333221,352185939994,357162262408,497832174,38.357546358649,38.377788697812,28.8910842312223,0.577403125
ac-balanced-clean-nct-v2,163,328,22,14,5,6537888,893101796,1004906,1019166,1420,335356,337001256536,341783433096,476205520,38.2939630143814,38.3142915122511,28.8270091029967,0.955786542
ac-balanced-clean-nct-v2,163,328,23,14,5,6537236,895915742,993658,1007696,1404,349326,347110574508,352014412896,490453704,38.3366043604051,38.3568435436119,28.8695417198821,0.665875458
ac-balanced-clean-nct-v2,163,328,24,13,5,6514840,888258860,941650,949020,1330,348658,328313805700,330883415160,463715140,38.256284460733,38.2675320251484,28.7886635896421,1.209444084
ac-balanced-clean-nct-v2,163,328,25,13,5,6514188,891274998,936050,945912,1322,362823,339620469150,343198629576,479652006,38.3051324574554,38.3202528357947,28.8374128497332,0.817692083
ac-balanced-clean-nct-v2,163,328,26,12,5,6491792,884086944,889666,899298,1256,360199,320456803534,323926240302,452409944,38.2213389434215,38.2368743850654,28.753055399306,1.194045875
ac-balanced-clean-nct-v2,163,328,27,12,5,6491140,886900890,878418,890714,1240,373712,328275347616,332870510368,463402880,38.2561154561527,38.2761701088011,28.7876917695269,0.835544958
ac-balanced-clean-nct-v2,163,328,28,11,5,6468744,879712836,837658,847060,1182,369132,309206372856,312676951920,436314024,38.1697790978006,38.1858819228378,28.7007916046448,0.82056075
ac-balanced-clean-nct-v2,163,328,29,11,5,6468092,882057954,832034,841436,1174,381993,317831163762,321422661948,448459782,38.2094696335218,38.2256806937678,28.7404033687455,0.902723167
ac-balanced-clean-nct-v2,163,328,30,10,5,6445696,875338728,780026,788976,1100,381520,297595519520,301010123520,419672000,38.1145618497266,38.13102105203,28.6446869706937,1.545030708
ac-balanced-clean-nct-v2,163,328,31,10,5,6445044,877215018,780026,788754,1100,387666,302389559316,305773108164,426432600,38.137617371868,38.1536705752981,28.6677424928351,0.899772042
ac-balanced-clean-nct-v2,163,328,32,10,5,6444392,874871856,768778,775064,1084,400038,307540413564,310055052432,433641192,38.1619850497164,38.1737334425479,28.6919265653098,1.580212209
ac-balanced-clean-nct-v2,163,328,33,9,6,6443740,877014782,796852,803088,1122,398750,317744735000,320231340000,447397500,38.2090772638698,38.2203235503973,28.7369819539231,1.186255875
ac-balanced-clean-nct-v2,163,328,34,9,6,6443088,875140448,802476,810710,1130,402451,322957268676,326271050210,454769630,38.2325523345394,38.247280027601,28.7605606718353,1.651532834
ac-balanced-clean-nct-v2,163,328,35,9,6,6442436,877485566,802476,812264,1130,414008,332231483808,336283794112,467829040,38.2733978400638,38.2908882992309,28.8014061773597,0.863973625
ac-balanced-clean-nct-v2,163,328,36,9,6,6441784,875142404,791228,799240,1114,425728,336847913984,340258846720,474260992,38.2933064088595,38.3078417160065,28.8211059706273,1.512640125
ac-balanced-clean-nct-v2,163,328,37,8,6,6419388,872642630,750468,759360,1056,413161,310064109348,313737936960,436298016,38.173775584022,38.1907690331111,28.7007386723882,0.987198958
ac-balanced-clean-nct-v2,163,328,38,8,6,6418736,871237124,750468,759582,1056,424229,318370289172,322236712278,447985824,38.2119147513002,38.2293299127408,28.7388778396664,1.692165083
ac-balanced-clean-nct-v2,163,328,39,8,6,6418084,872644586,744844,754180,1048,435134,324106949096,328169360120,456020432,38.2376789972117,38.2556495901494,28.7645232249027,1.193475542
ac-balanced-clean-nct-v2,163,328,40,8,6,6417432,870770252,739220,746780,1040,446202,329841442440,333214729560,464050080,38.2629817192085,38.2776612193548,28.7897052676175,1.83989025
ac-balanced-clean-nct-v2,163,328,41,7,6,6395036,868270478,698460,707122,982,457107,319270955220,323230416054,448879074,38.2159903575021,38.2337720061626,28.7417516008633,1.332864375
ac-balanced-clean-nct-v2,163,328,42,7,6,6394384,866864972,698460,707122,982,440791,307874881860,311693013502,432856762,38.1635532128838,38.1813348615444,28.6893144562451,2.099969875
ac-balanced-clean-nct-v2,163,328,43,7,6,6393732,868741262,692836,703274,974,451044,312499520784,317207518056,439316856,38.1850630211739,38.2066360081622,28.7106866138701,1.277909875
ac-balanced-clean-nct-v2,163,328,44,7,6,6393080,866866928,692836,701720,974,461460,319716100560,323815711200,449462040,38.2180004422841,38.2363820291558,28.7436240349803,2.17722675
ac-balanced-clean-nct-v2,163,328,45,7,6,6392428,868274390,687212,696096,966,471713,324166834156,328357532448,455674758,38.2379455385452,38.2564765944806,28.7634292141085,1.360880833
ac-balanced-clean-nct-v2,163,328,46,7,6,6391776,866868884,681588,690250,958,482129,328613340852,332789542250,461879582,38.2576000949264,38.2758191419602,28.7829415304462,2.303850333
ac-balanced-clean-nct-v2,163,328,47,6,6,6369380,863431454,635204,642970,892,485715,308528110860,312300173550,433257780,38.1666109871088,38.1841424148475,28.6906504151586,1.707050916
ac-balanced-clean-nct-v2,163,328,48,6,6,6368728,862025948,635204,640084,892,471502,299499956408,301800886168,420579784,38.1237648367918,38.1348060857697,28.6478042648417,0.79636375
ac-balanced-clean-nct-v2,163,328,49,6,6,6368076,863166774,640852,646892,900,481103,308315819756,311221681876,432992700,38.1656179601214,38.179151615799,28.6897674612736,2.36313425
ac-balanced-clean-nct-v2,163,328,50,6,6,6367424,862230096,635228,641490,892,490867,311812462676,314886271830,437853364,38.1818876353039,38.1960399050942,28.7058725548385,3.023346083
ac-balanced-clean-nct-v2,163,328,51,6,6,6366772,863637558,635228,643044,892,500468,317911286704,321822944592,446417456,38.2098332806925,38.2274762314415,28.7338182002271,2.455722916
ac-balanced-clean-nct-v2,163,328,52,6,6,6366120,862232052,629604,635866,884,510232,321244108128,324439180912,451045088,38.2248790381377,38.2391571009676,28.7486964164879,2.911747667
ac-balanced-clean-nct-v2,163,328,53,6,6,6365468,863639514,629604,637420,884,519833,327288936132,331351950860,459532372,38.2517738772549,38.2695734571779,28.7755912556052,1.877194792
ac-balanced-clean-nct-v2,163,328,54,6,6,6364816,862702836,618356,626172,868,529597,327479482532,331618812684,459690196,38.2526135645284,38.270734896783,28.7760866566371,2.710337875
ac-balanced-clean-nct-v2,163,328,55,5,6,6342420,859265406,577596,584960,810,525701,303642794796,307514056960,425817810,38.1435841793398,38.1618614036209,28.6656610514474,1.845260625
ac-balanced-clean-nct-v2,163,328,56,5,6,6341768,857859900,577596,583406,810,512450,295989070200,298966404700,415084500,38.1067529471173,38.1211924195027,28.6288298192249,9.666e-06
ac-balanced-clean-nct-v2,163,328,57,5,6,6341116,858798534,577596,584294,810,521399,301157976804,304650307306,422333190,38.131729516008,38.1483632393882,28.6538063881156,2.139655375
ac-balanced-clean-nct-v2,163,328,58,5,6,6340464,857861856,577596,584072,810,530511,306421031556,309856620792,429713910,38.1567243654372,38.1728098388633,28.6788012375447,3.284102375
ac-balanced-clean-nct-v2,163,328,59,5,6,6339812,859269318,577596,584516,810,539460,311589938160,315323001360,436962600,38.1808576905077,38.1980394555763,28.7029345626152,2.67946725
ac-balanced-clean-nct-v2,163,328,60,5,6,6339160,857863812,571972,578226,802,548572,313767823984,317198593272,439954744,38.1909064592959,38.2065954166818,28.7127798874745,3.803720291
ac-balanced-clean-nct-v2,163,328,61,5,6,6338508,858802446,571972,578226,802,557521,318886401412,322373137746,447131842,38.2142516203923,38.2299405777782,28.7361250485709,3.07775425
ac-balanced-clean-nct-v2,163,328,62,5,6,6337856,857865768,571972,578004,802,566633,324098210276,327516140532,454439666,38.2376400976378,38.2527750505383,28.7595135258163,4.300792791
ac-balanced-clean-nct-v2,163,328,63,5,6,6337204,858804402,566348,572158,794,575582,325979714536,329323845956,457012108,38.2459912332207,38.2607160233435,28.7676571474023,3.211652625
ac-balanced-clean-nct-v2,163,328,64,5,6,6336552,857398896,560724,565202,786,584694,327851958456,330470218188,459569484,38.2542535567297,38.2657293063912,28.7757077634722,4.288087333
ac-balanced-clean-nct-v2,163,328,65,5,7,6357644,862980230,607062,611498,850,593643,360378106866,363011507214,504596550,38.3907204131942,38.401224325143,28.910555101531,2.60130375
ac-balanced-clean-nct-v2,163,328,66,4,7,6335248,857667488,566302,571174,792,589258,333697983916,336568848892,466692336,38.2797520140595,38.2921106980618,28.7978965347241,5.605912125
ac-balanced-clean-nct-v2,163,328,67,4,7,6334596,858606122,571926,577686,800,568020,324865406520,328137201720,454416000,38.2410511693946,38.2555082087677,28.7594383921683,2.602221875
ac-balanced-clean-nct-v2,163,328,68,4,7,6333944,857669444,571926,577242,800,576480,329703900480,332768468160,461184000,38.2623799983151,38.2757277795705,28.7807672210889,3.979662
ac-balanced-clean-nct-v2,163,328,69,4,7,6333292,858608078,577550,583532,808,584777,337737956350,341236092364,472499816,38.2971133680894,38.3119792915917,28.8157385266211,2.585884375
ac-balanced-clean-nct-v2,163,328,70,4,7,6332640,858140228,577550,583532,808,593237,342624029350,346172773084,479335496,38.3178353796791,38.3327013031814,28.8364605382108,4.493090834
ac-balanced-clean-nct-v2,163,328,71,4,7,6331988,858610034,577550,584198,808,601534,347415961700,351414959732,486039472,38.3378730826004,38.3543846519308,28.8564982411321,3.365881666
ac-balanced-clean-nct-v2,163,328,72,4,7,6331336,857673356,577550,583088,808,609994,352302034700,355680181472,492875152,38.3580218508196,38.3717896333178,28.8766470093513,4.814939041
ac-balanced-clean-nct-v2,163,328,73,4,7,6330684,858611990,583174,589378,816,618291,360571235634,364407112998,504525456,38.3914933549423,38.406760163677,28.910351821926,2.700350792
ac-balanced-clean-nct-v2,163,328,74,4,7,6330032,858144140,577550,583754,808,626751,361980040050,365868403254,506414808,38.3971191915811,38.412533872291,28.9157443501128,5.3888295
ac-balanced-clean-nct-v2,163,328,75,4,7,6329380,859082774,577550,584864,808,635048,366771972400,371416713472,513118784,38.4160924405335,38.4342477806839,28.9347175990652,3.602725417
ac-balanced-clean-nct-v2,163,328,76,4,7,6328728,858146096,577550,583976,808,643508,371658045400,375793227808,519954464,38.4351848825941,38.4511481118605,28.9538100411258,6.132475209
ac-balanced-clean-nct-v2,163,328,77,4,7,6328076,858615902,577550,584420,808,651805,376449977750,380927878100,526658440,38.453667217698,38.4707269187582,28.9722923762297,4.6675465
ac-balanced-clean-nct-v2,163,328,78,4,7,6327424,858148052,571926,578574,800,660265,377622720390,382012162110,528212000,38.4581546135663,38.4748276137929,28.9765418363401,5.54496825
ac-balanced-clean-nct-v2,163,328,79,4,7,6326772,858617858,571926,578352,800,668562,382367990412,386664169824,534849600,38.4761707982335,38.4922901272607,28.9945580210072,3.792500583
ac-balanced-clean-nct-v2,163,328,80,4,7,6326120,857681180,566302,571840,792,677022,383398912644,387148260480,536201424,38.4800552891517,38.4940952036655,28.9981998098163,6.186519666
ac-balanced-clean-nct-v2,163,328,81,4,7,6325468,858619814,566302,572506,792,685319,388097520338,392349239414,542772648,38.4976282591376,38.5133474472378,29.0157727798022,3.683746958
ac-balanced-clean-nct-v2,163,328,82,3,7,6303072,853775900,525542,531516,734,693779,364610003218,368754638964,509233786,38.4075631865835,38.4238702424605,28.9237528996218,5.70817575
ac-balanced-clean-nct-v2,163,328,83,3,7,6302420,854714534,525542,532182,734,675082,354783944444,359266488924,495510188,38.3681497664915,38.3862634160121,28.8843394795298,3.985882917
ac-balanced-clean-nct-v2,163,328,84,3,7,6301768,853777856,525542,531738,734,656548,345043549016,349111520424,481906232,38.3279875041573,38.3448970093149,28.8441772171956,6.682508083
ac-balanced-clean-nct-v2,163,328,85,3,7,6301116,854716490,525542,532404,734,663413,348651394846,353203734852,486945142,38.3429942971722,38.3617096421946,28.8591840102106,4.205063542
ac-balanced-clean-nct-v2,163,328,86,3,7,6300464,854248640,525542,532626,734,671221,352754826782,357509756346,492676214,38.359874867269,38.3791916569525,28.8760645803073,5.541002583
ac-balanced-clean-nct-v2,163,328,87,3,7,6299812,854718446,525542,532626,734,678866,356772595372,361581682116,498287644,38.3762138461287,38.3955306358122,28.892403559167,3.785794541
ac-balanced-clean-nct-v2,163,328,88,3,7,6299160,853781768,519918,525892,726,686674,357014172732,361116363208,498525324,38.3771903911927,38.3936728381383,28.8930915513478,6.22011375
ac-balanced-clean-nct-v2,163,328,89,3,7,6298508,854251574,519918,526114,726,694319,360988945842,365290946366,504075594,38.3931637035241,38.4102550411107,28.9090648636792,3.29617475
ac-balanced-clean-nct-v2,163,328,90,3,7,6297856,853783724,519918,526114,726,702127,365048465586,369398844478,509744202,38.4092970595861,38.4263883971727,28.9251982197411,5.881757875
ac-balanced-clean-nct-v2,163,328,91,3,7,6297204,854722358,519918,526780,726,709772,369023238696,373893694160,515294472,38.4249207145069,38.4438371836364,28.9408218746619,4.720124959
ac-balanced-clean-nct-v2,163,328,92,3,7,6296552,853785680,519918,526114,726,717580,373082758440,377528884120,520963080,38.4407047330825,38.457796070669,28.9566058932375,6.748732208
ac-balanced-clean-nct-v2,163,328,93,3,7,6295900,854255486,519918,525670,726,725225,377057531550,381229025750,526513350,38.4559937108874,38.4718670101007,28.9718948710424,4.850771333
ac-balanced-clean-nct-v2,163,328,94,3,7,6295248,853787636,519918,525892,726,733033,381117051294,385496190436,532181958,38.4714431999745,38.4879256469201,28.9873443601296,8.544410166
ac-balanced-clean-nct-v2,163,328,95,3,7,6294596,854257442,519918,525670,726,740678,385091824404,389352204260,537732228,38.4864115384435,38.5022848376568,29.0023126985986,5.678779125
ac-balanced-clean-nct-v2,163,328,96,3,7,6293944,853320764,519918,523894,726,748486,389151344148,392127324484,543400836,38.5015403840329,38.5125312199793,29.0174415441879,7.54805425
ac-balanced-clean-nct-v2,163,328,97,3,7,6293292,853992762,525566,530258,734,756131,397396745146,400944511798,555000154,38.5317891000905,38.544611634324,29.047912930877,5.408539792
ac-balanced-clean-nct-v2,163,328,98,3,7,6292640,853524912,525566,530258,734,763939,401500364474,405084766262,560731226,38.5466103411539,38.5594328753874,29.0627341719403,7.545148417
ac-balanced-clean-nct-v2,163,328,99,3,7,6291988,854463546,519942,525300,726,771584,401178928128,405313075200,560169984,38.5454548743282,38.5602457605273,29.0612894395936,4.7226785
ac-balanced-clean-nct-v2,163,328,100,3,7,6291336,853526868,519942,524856,726,779392,405238635264,409068567552,565838592,38.559980770335,38.5735517299016,29.0758153356003,6.578820167
ac-balanced-clean-nct-v2,163,328,101,3,7,6290684,854465502,519942,525522,726,787037,409213591854,413605258314,571388862,38.5740631081373,38.5894635710369,29.0898976734026,4.178046166
ac-balanced-clean-nct-v2,163,328,102,3,7,6290032,853997652,519942,525966,726,794845,413273298990,418061445270,577057470,38.588305199975,38.6049240441329,29.1041397652404,6.337819083
ac-balanced-clean-nct-v2,163,328,103,3,7,6289380,854467458,519942,525966,726,802490,417248255580,422082455340,582607740,38.6021150617818,38.6187339059397,29.1179496270472,5.178081084
ac-balanced-clean-nct-v2,163,328,104,3,7,6288728,853530780,514318,519232,718,810298,416750846764,420732651136,581793964,38.6003941742768,38.6141128271734,29.1159330879324,11.40488625
ac-balanced-clean-nct-v2,163,328,105,3,7,6288076,854469414,514318,520120,718,817943,420682807874,425428513160,587283074,38.613941904174,38.6301257729129,29.1294808178296,3.944298916
ac-balanced-clean-nct-v2,163,328,106,3,7,6287424,854001564,514318,520342,718,825751,424698602818,429672926842,592889218,38.627648406247,38.6444479213121,29.1431873199026,5.933512458
ac-balanced-clean-nct-v2,163,328,107,3,7,6286772,854940198,508694,515384,710,833396,423943544824,429518964064,591711160,38.6250812023578,38.6439308742099,29.1403178644705,4.013758709
ac-balanced-clean-nct-v2,163,328,108,3,7,6286120,854003520,503070,509094,702,841204,423184496280,428251909176,590525208,38.6224958178347,38.6396687217167,29.1374234049709,6.668019041
ac-balanced-clean-nct-v2,163,328,109,3,7,6285468,854271134,491798,497550,686,848849,417462240502,422344819950,582310414,38.6028547553499,38.6196304002738,29.1172131791627,5.117841792
ac-balanced-clean-nct-v2,163,328,110,2,7,6263072,849629412,462310,467882,644,843160,389801299600,394499387120,542995040,38.5039479443192,38.5212321026825,29.0163637788595,7.146901167
ac-balanced-clean-nct-v2,163,328,111,2,7,6262420,849630390,462310,467660,644,830641,384013640710,388457570060,534932804,38.4823666021948,38.4989660701752,28.9947824367351,4.640317625
ac-balanced-clean-nct-v2,163,328,112,2,7,6261768,849162540,462310,466994,644,818122,378225981820,382058065268,526870568,38.4604575148101,38.475000959792,28.9728733493504,6.552221042
ac-balanced-clean-nct-v2,163,328,113,2,7,6261116,849163518,462310,467438,644,806079,372658382490,376791955602,519114876,38.4390627554282,38.4549772079235,28.9514785899685,5.36278125
ac-balanced-clean-nct-v2,163,328,114,2,7,6260464,849164496,462310,467216,644,813235,375966672850,379956403760,523723340,38.451813825225,38.4670429368239,28.9642296597653,10.953725
ac-balanced-clean-nct-v2,163,328,115,2,7,6259812,849634302,462310,467438,644,820228,379199606680,383405735864,528226832,38.4641665115807,38.480080964076,28.976582346121,5.527698666
ac-balanced-clean-nct-v2,163,328,116,2,7,6259160,849166452,462310,466994,644,827384,382507897040,386383363696,532835296,38.4766985769332,38.4912420219151,28.9891144114735,10.161911333
ac-balanced-clean-nct-v2,163,328,117,2,7,6258508,849636258,462310,467660,644,834377,385740830870,390204747820,537338788,38.48884090784,38.5054403758204,29.0012567423803,5.654729208
ac-balanced-clean-nct-v2,163,328,118,2,7,6257856,849637236,462310,467882,644,841533,389049121230,393738143106,541947252,38.5011613647332,38.5184455230965,29.0135771992735,7.767012083
ac-balanced-clean-nct-v2,163,328,119,2,7,6257204,849638214,462310,467882,644,848526,392282055060,397010041932,546450744,38.5131003846104,38.5303845429737,29.0255162191507,4.721381125
ac-balanced-clean-nct-v2,163,328,120,2,7,6256552,849170364,462310,467438,644,855682,395590345420,399978282716,551059208,38.5252162605945,38.5411307130897,29.0376320951348,8.677723917
ac-balanced-clean-nct-v2,163,328,121,2,7,6255900,849171342,462310,467438,644,862675,398823279250,403247076650,555562700,38.5369586658299,38.5528731183252,29.0493745003702,5.58486875
ac-balanced-clean-nct-v2,163,328,122,2,7,6255248,849172320,462310,467216,644,869831,402131569610,406398960496,560171164,38.5488766440921,38.564105755691,29.0612924786324,8.997931833
ac-balanced-clean-nct-v2,163,328,123,2,7,6254596,849642126,462310,467438,644,876824,405364503440,409860856912,564674656,38.5604288055969,38.5763432580921,29.0728446401372,8.269162875
ac-balanced-clean-nct-v2,163,328,124,2,7,6253944,849174276,462310,466994,644,883980,408672793800,412813356120,569283120,38.5721552470993,38.5866986920812,29.0845710816396,12.895483542
ac-balanced-clean-nct-v2,163,328,125,2,7,6253292,849175254,462310,466994,644,890973,411905727630,416079045162,573786612,38.5835232310644,38.5980666760463,29.0959390656047,6.28600125
ac-balanced-clean-nct-v2,163,328,126,2,7,6252640,849176232,462310,466994,644,898129,415214017990,419420854226,578395076,38.5950641949309,38.6096076399128,29.1074800294712,8.628645959
ac-balanced-clean-nct-v2,163,328,127,2,7,6251988,849177210,462310,466772,644,905122,418446951820,422485606184,582898568,38.6062537819556,38.6201112342902,29.1186696164959,6.375567292
ac-balanced-clean-nct-v2,163,328,128,2,7,6251336,848709360,462310,466106,644,912278,421755242180,425218249468,587507032,38.6176150442717,38.6294125593788,29.130030878812,16.626881917
