model_version,n,mode,lanes,qubits,toffoli,cnot,full_depth,current_depth,toffoli_depth,seconds,data_root
ac-balanced-clean-v1,233,accumulation,1,20638,32650,8132054,19821,19879,21,0.532169722,/home/kekai/home/git/mul_line/C++/data
ac-balanced-clean-v1,233,accumulation,2,31190,46526,10588146,23603,23687,25,0.586900851,/home/kekai/home/git/mul_line/C++/data
ac-balanced-clean-v1,233,accumulation,3,41509,60402,13431560,27291,27389,29,0.784456662,/home/kekai/home/git/mul_line/C++/data
ac-balanced-clean-v1,233,accumulation,4,52061,74278,15780992,27291,27523,29,0.532964152,/home/kekai/home/git/mul_line/C++/data
ac-balanced-clean-v1,233,accumulation,5,62380,88154,18624406,30979,31225,33,1.233705751,/home/kekai/home/git/mul_line/C++/data
ac-balanced-clean-v1,233,accumulation,6,72932,102030,20973838,30979,31228,33,1.035185044,/home/kekai/home/git/mul_line/C++/data
ac-balanced-clean-v1,233,accumulation,7,83251,115906,23817252,30979,31359,33,1.575972696,/home/kekai/home/git/mul_line/C++/data
ac-balanced-clean-v1,233,accumulation,8,93803,129782,26166684,30979,31225,33,1.097941168,/home/kekai/home/git/mul_line/C++/data
ac-balanced-clean-v1,233,accumulation,9,104122,143658,29010098,34667,34927,37,1.200325743,/home/kekai/home/git/mul_line/C++/data
ac-balanced-clean-v1,233,accumulation,10,114674,157534,31359530,34667,35064,37,2.094366997,/home/kekai/home/git/mul_line/C++/data
ac-balanced-clean-v1,233,accumulation,11,124993,171410,34202944,34667,35198,37,2.393796248,/home/kekai/home/git/mul_line/C++/data
ac-balanced-clean-v1,233,accumulation,12,135545,185286,36552376,34667,34930,37,1.495294972,/home/kekai/home/git/mul_line/C++/data
ac-balanced-clean-v1,233,accumulation,13,145864,199162,39395790,34667,35061,37,1.649463273,/home/kekai/home/git/mul_line/C++/data
ac-balanced-clean-v1,233,accumulation,14,156416,213038,41745222,34667,35064,37,3.170568905,/home/kekai/home/git/mul_line/C++/data
ac-balanced-clean-v1,233,accumulation,15,166735,226914,44588636,34667,35061,37,3.122800592,/home/kekai/home/git/mul_line/C++/data
ac-balanced-clean-v1,233,accumulation,16,177287,240790,46938068,34667,34927,37,1.875026287,/home/kekai/home/git/mul_line/C++/data
ac-balanced-clean-v1,233,accumulation,17,187606,254666,49781482,38355,38629,41,2.971135214,/home/kekai/home/git/mul_line/C++/data
ac-balanced-clean-v1,233,accumulation,18,198158,268542,52130914,38355,38766,41,2.06802725,/home/kekai/home/git/mul_line/C++/data
ac-balanced-clean-v1,233,accumulation,19,208477,282418,54974328,38355,38900,41,3.363845391,/home/kekai/home/git/mul_line/C++/data
ac-balanced-clean-v1,233,accumulation,20,219029,296294,57323760,38355,38766,41,2.352374514,/home/kekai/home/git/mul_line/C++/data
ac-balanced-clean-v1,233,accumulation,21,229348,310170,60167174,38355,38900,41,4.082246139,/home/kekai/home/git/mul_line/C++/data
ac-balanced-clean-v1,233,accumulation,22,239900,324046,62516606,38355,38903,41,3.734134239,/home/kekai/home/git/mul_line/C++/data
ac-balanced-clean-v1,233,accumulation,23,250219,337922,65360020,38355,38900,41,2.574643296,/home/kekai/home/git/mul_line/C++/data
ac-balanced-clean-v1,233,accumulation,24,260771,351798,67709452,38355,38632,41,2.894108702,/home/kekai/home/git/mul_line/C++/data
ac-balanced-clean-v1,233,accumulation,25,271090,365674,70552866,38355,38763,41,4.547874829,/home/kekai/home/git/mul_line/C++/data
ac-balanced-clean-v1,233,accumulation,26,281642,379550,72902298,38355,38766,41,3.805060954,/home/kekai/home/git/mul_line/C++/data
ac-balanced-clean-v1,233,accumulation,27,291961,393426,75745712,38355,38900,41,3.485351246,/home/kekai/home/git/mul_line/C++/data
ac-balanced-clean-v1,233,accumulation,28,302513,407302,78095144,38355,38766,41,3.321938631,/home/kekai/home/git/mul_line/C++/data
ac-balanced-clean-v1,233,accumulation,29,312832,421178,80938558,38355,38763,41,5.862253324,/home/kekai/home/git/mul_line/C++/data
ac-balanced-clean-v1,233,accumulation,30,323384,435054,83287990,38355,38766,41,3.831155257,/home/kekai/home/git/mul_line/C++/data
ac-balanced-clean-v1,233,accumulation,31,333703,448930,86131404,38355,38763,41,6.047006968,/home/kekai/home/git/mul_line/C++/data
ac-balanced-clean-v1,233,accumulation,32,344255,462806,88480836,38355,38629,41,3.850186879,/home/kekai/home/git/mul_line/C++/data
ac-balanced-clean-v1,233,accumulation,33,354574,476682,91324250,42043,42331,45,3.946154225,/home/kekai/home/git/mul_line/C++/data
ac-balanced-clean-v1,233,accumulation,34,365126,490558,93673682,42043,42468,45,4.343449431,/home/kekai/home/git/mul_line/C++/data
ac-balanced-clean-v1,233,accumulation,35,375445,504434,96517096,42043,42602,45,5.744516159,/home/kekai/home/git/mul_line/C++/data
ac-balanced-clean-v1,233,accumulation,36,385997,518310,98866528,42043,42468,45,4.358270665,/home/kekai/home/git/mul_line/C++/data
ac-balanced-clean-v1,233,accumulation,37,396316,532186,101709942,42043,42602,45,6.269520144,/home/kekai/home/git/mul_line/C++/data
ac-balanced-clean-v1,233,accumulation,38,406868,546062,104059374,42043,42605,45,4.489863049,/home/kekai/home/git/mul_line/C++/data
ac-balanced-clean-v1,233,accumulation,39,417187,559938,106902788,42043,42602,45,6.24458633,/home/kekai/home/git/mul_line/C++/data
ac-balanced-clean-v1,233,accumulation,40,427739,573814,109252220,42043,42468,45,5.235970727,/home/kekai/home/git/mul_line/C++/data
ac-balanced-clean-v1,233,accumulation,41,438058,587690,112095634,42043,42602,45,5.645646981,/home/kekai/home/git/mul_line/C++/data
ac-balanced-clean-v1,233,accumulation,42,448610,601566,114445066,42043,42605,45,5.682052528,/home/kekai/home/git/mul_line/C++/data
ac-balanced-clean-v1,233,accumulation,43,458929,615442,117288480,42043,42739,45,5.043787301,/home/kekai/home/git/mul_line/C++/data
ac-balanced-clean-v1,233,accumulation,44,469481,629318,119637912,42043,42605,45,7.052945884,/home/kekai/home/git/mul_line/C++/data
ac-balanced-clean-v1,233,accumulation,45,479800,643194,122481326,42043,42602,45,7.506052409,/home/kekai/home/git/mul_line/C++/data
ac-balanced-clean-v1,233,accumulation,46,490352,657070,124830758,42043,42605,45,7.61793425,/home/kekai/home/git/mul_line/C++/data
ac-balanced-clean-v1,233,accumulation,47,500671,670946,127674172,42043,42602,45,7.655515566,/home/kekai/home/git/mul_line/C++/data
ac-balanced-clean-v1,233,accumulation,48,511223,684822,130023604,42043,42334,45,8.711027155,/home/kekai/home/git/mul_line/C++/data
ac-balanced-clean-v1,233,accumulation,49,521542,698698,132867018,42043,42465,45,8.198936038,/home/kekai/home/git/mul_line/C++/data
ac-balanced-clean-v1,233,accumulation,50,532094,712574,135216450,42043,42468,45,8.473326647,/home/kekai/home/git/mul_line/C++/data
ac-balanced-clean-v1,233,accumulation,51,542413,726450,138059864,42043,42602,45,8.145598383,/home/kekai/home/git/mul_line/C++/data
ac-balanced-clean-v1,233,accumulation,52,552965,740326,140409296,42043,42468,45,6.157474867,/home/kekai/home/git/mul_line/C++/data
ac-balanced-clean-v1,233,accumulation,53,563284,754202,143252710,42043,42602,45,7.458970437,/home/kekai/home/git/mul_line/C++/data
ac-balanced-clean-v1,233,accumulation,54,573836,768078,145602142,42043,42605,45,8.172466424,/home/kekai/home/git/mul_line/C++/data
ac-balanced-clean-v1,233,accumulation,55,584155,781954,148445556,42043,42602,45,10.36235435,/home/kekai/home/git/mul_line/C++/data
ac-balanced-clean-v1,233,accumulation,56,594707,795830,150794988,42043,42468,45,6.262808053,/home/kekai/home/git/mul_line/C++/data
ac-balanced-clean-v1,233,accumulation,57,605026,809706,153638402,42043,42465,45,11.132589582,/home/kekai/home/git/mul_line/C++/data
ac-balanced-clean-v1,233,accumulation,58,615578,823582,155987834,42043,42468,45,10.212442185,/home/kekai/home/git/mul_line/C++/data
ac-balanced-clean-v1,233,accumulation,59,625897,837458,158831248,42043,42602,45,11.576696278,/home/kekai/home/git/mul_line/C++/data
ac-balanced-clean-v1,233,accumulation,60,636449,851334,161180680,42043,42468,45,7.610705313,/home/kekai/home/git/mul_line/C++/data
ac-balanced-clean-v1,233,accumulation,61,646768,865210,164024094,42043,42465,45,10.620858924,/home/kekai/home/git/mul_line/C++/data
ac-balanced-clean-v1,233,accumulation,62,657320,879086,166373526,42043,42468,45,10.191818946,/home/kekai/home/git/mul_line/C++/data
ac-balanced-clean-v1,233,accumulation,63,667639,892962,169216940,42043,42465,45,10.202432523,/home/kekai/home/git/mul_line/C++/data
ac-balanced-clean-v1,233,accumulation,64,678191,906838,171566372,42043,42331,45,9.389829342,/home/kekai/home/git/mul_line/C++/data
ac-balanced-clean-v1,233,accumulation,65,688510,920714,174409786,45731,46033,49,11.36739967,/home/kekai/home/git/mul_line/C++/data
ac-balanced-clean-v1,233,accumulation,66,699062,934590,176759218,45731,46170,49,14.445776538,/home/kekai/home/git/mul_line/C++/data
ac-balanced-clean-v1,233,accumulation,67,709381,948466,179602632,45731,46304,49,14.01705745,/home/kekai/home/git/mul_line/C++/data
ac-balanced-clean-v1,233,accumulation,68,719933,962342,181952064,45731,46170,49,9.616160665,/home/kekai/home/git/mul_line/C++/data
ac-balanced-clean-v1,233,accumulation,69,730252,976218,184795478,45731,46304,49,12.976412663,/home/kekai/home/git/mul_line/C++/data
ac-balanced-clean-v1,233,accumulation,70,740804,990094,187144910,45731,46307,49,13.395604194,/home/kekai/home/git/mul_line/C++/data
ac-balanced-clean-v1,233,accumulation,71,751123,1003970,189988324,45731,46304,49,12.209813483,/home/kekai/home/git/mul_line/C++/data
ac-balanced-clean-v1,233,accumulation,72,761675,1017846,192337756,45731,46170,49,9.98094165,/home/kekai/home/git/mul_line/C++/data
ac-balanced-clean-v1,233,accumulation,73,771994,1031722,195181170,45731,46304,49,15.313939332,/home/kekai/home/git/mul_line/C++/data
ac-balanced-clean-v1,233,accumulation,74,782546,1045598,197530602,45731,46307,49,11.683381917,/home/kekai/home/git/mul_line/C++/data
ac-balanced-clean-v1,233,accumulation,75,792865,1059474,200374016,45731,46441,49,12.119077187,/home/kekai/home/git/mul_line/C++/data
ac-balanced-clean-v1,233,accumulation,76,803417,1073350,202723448,45731,46307,49,10.853904658,/home/kekai/home/git/mul_line/C++/data
ac-balanced-clean-v1,233,accumulation,77,813736,1087226,205566862,45731,46304,49,12.056197327,/home/kekai/home/git/mul_line/C++/data
ac-balanced-clean-v1,233,accumulation,78,824288,1101102,207916294,45731,46307,49,12.189927465,/home/kekai/home/git/mul_line/C++/data
ac-balanced-clean-v1,233,accumulation,79,834607,1114978,210759708,45731,46304,49,17.345159798,/home/kekai/home/git/mul_line/C++/data
ac-balanced-clean-v1,233,accumulation,80,845159,1128854,213109140,45731,46170,49,11.932076302,/home/kekai/home/git/mul_line/C++/data
ac-balanced-clean-v1,233,accumulation,81,855478,1142730,215952554,45731,46304,49,13.972596039,/home/kekai/home/git/mul_line/C++/data
ac-balanced-clean-v1,233,accumulation,82,866030,1156606,218301986,45731,46307,49,17.142096154,/home/kekai/home/git/mul_line/C++/data
ac-balanced-clean-v1,233,accumulation,83,876349,1170482,221145400,45731,46441,49,15.086323284,/home/kekai/home/git/mul_line/C++/data
ac-balanced-clean-v1,233,accumulation,84,886901,1184358,223494832,45731,46307,49,9.864679015,/home/kekai/home/git/mul_line/C++/data
ac-balanced-clean-v1,233,accumulation,85,897220,1198234,226338246,45731,46441,49,14.105579966,/home/kekai/home/git/mul_line/C++/data
ac-balanced-clean-v1,233,accumulation,86,907772,1212110,228687678,45731,46444,49,15.029114214,/home/kekai/home/git/mul_line/C++/data
ac-balanced-clean-v1,233,accumulation,87,918091,1225986,231531092,45731,46441,49,11.553925976,/home/kekai/home/git/mul_line/C++/data
ac-balanced-clean-v1,233,accumulation,88,928643,1239862,233880524,45731,46307,49,15.978597837,/home/kekai/home/git/mul_line/C++/data
ac-balanced-clean-v1,233,accumulation,89,938962,1253738,236723938,45731,46304,49,16.529695154,/home/kekai/home/git/mul_line/C++/data
ac-balanced-clean-v1,233,accumulation,90,949514,1267614,239073370,45731,46307,49,10.929419041,/home/kekai/home/git/mul_line/C++/data
ac-balanced-clean-v1,233,accumulation,91,959833,1281490,241916784,45731,46441,49,14.830603347,/home/kekai/home/git/mul_line/C++/data
ac-balanced-clean-v1,233,accumulation,92,970385,1295366,244266216,45731,46307,49,20.628231988,/home/kekai/home/git/mul_line/C++/data
ac-balanced-clean-v1,233,accumulation,93,980704,1309242,247109630,45731,46304,49,12.119192674,/home/kekai/home/git/mul_line/C++/data
ac-balanced-clean-v1,233,accumulation,94,991256,1323118,249459062,45731,46307,49,20.290543949,/home/kekai/home/git/mul_line/C++/data
ac-balanced-clean-v1,233,accumulation,95,1001575,1336994,252302476,45731,46304,49,19.433315561,/home/kekai/home/git/mul_line/C++/data
ac-balanced-clean-v1,233,accumulation,96,1012127,1350870,254651908,45731,46036,49,13.763783168,/home/kekai/home/git/mul_line/C++/data
ac-balanced-clean-v1,233,accumulation,97,1022446,1364746,257495322,45731,46167,49,15.856890868,/home/kekai/home/git/mul_line/C++/data
ac-balanced-clean-v1,233,accumulation,98,1032998,1378622,259844754,45731,46170,49,16.05634012,/home/kekai/home/git/mul_line/C++/data
ac-balanced-clean-v1,233,accumulation,99,1043317,1392498,262688168,45731,46304,49,14.824720064,/home/kekai/home/git/mul_line/C++/data
ac-balanced-clean-v1,233,accumulation,100,1053869,1406374,265037600,45731,46170,49,15.91334892,/home/kekai/home/git/mul_line/C++/data
ac-balanced-clean-v1,233,accumulation,101,1064188,1420250,267881014,45731,46304,49,18.332857781,/home/kekai/home/git/mul_line/C++/data
ac-balanced-clean-v1,233,accumulation,102,1074740,1434126,270230446,45731,46307,49,14.043830726,/home/kekai/home/git/mul_line/C++/data
ac-balanced-clean-v1,233,accumulation,103,1085059,1448002,273073860,45731,46304,49,16.611163888,/home/kekai/home/git/mul_line/C++/data
ac-balanced-clean-v1,233,accumulation,104,1095611,1461878,275423292,45731,46170,49,15.224029535,/home/kekai/home/git/mul_line/C++/data
ac-balanced-clean-v1,233,accumulation,105,1105930,1475754,278266706,45731,46304,49,15.40427394,/home/kekai/home/git/mul_line/C++/data
ac-balanced-clean-v1,233,accumulation,106,1116482,1489630,280616138,45731,46307,49,23.345969051,/home/kekai/home/git/mul_line/C++/data
ac-balanced-clean-v1,233,accumulation,107,1126801,1503506,283459552,45731,46441,49,21.259566641,/home/kekai/home/git/mul_line/C++/data
ac-balanced-clean-v1,233,accumulation,108,1137353,1517382,285808984,45731,46307,49,17.864123412,/home/kekai/home/git/mul_line/C++/data
ac-balanced-clean-v1,233,accumulation,109,1147672,1531258,288652398,45731,46304,49,18.598236951,/home/kekai/home/git/mul_line/C++/data
ac-balanced-clean-v1,233,accumulation,110,1158224,1545134,291001830,45731,46307,49,20.720019134,/home/kekai/home/git/mul_line/C++/data
ac-balanced-clean-v1,233,accumulation,111,1168543,1559010,293845244,45731,46304,49,18.85990876,/home/kekai/home/git/mul_line/C++/data
ac-balanced-clean-v1,233,accumulation,112,1179095,1572886,296194676,45731,46170,49,18.255500597,/home/kekai/home/git/mul_line/C++/data
ac-balanced-clean-v1,233,accumulation,113,1189414,1586762,299038090,45731,46167,49,18.291603913,/home/kekai/home/git/mul_line/C++/data
ac-balanced-clean-v1,233,accumulation,114,1199966,1600638,301387522,45731,46170,49,23.042927906,/home/kekai/home/git/mul_line/C++/data
ac-balanced-clean-v1,233,accumulation,115,1210285,1614514,304230936,45731,46304,49,18.783840652,/home/kekai/home/git/mul_line/C++/data
ac-balanced-clean-v1,233,accumulation,116,1220837,1628390,306580368,45731,46170,49,20.113593226,/home/kekai/home/git/mul_line/C++/data
ac-balanced-clean-v1,233,accumulation,117,1231156,1642266,309423782,45731,46304,49,28.087127445,/home/kekai/home/git/mul_line/C++/data
ac-balanced-clean-v1,233,accumulation,118,1241708,1656142,311773214,45731,46307,49,27.367632888,/home/kekai/home/git/mul_line/C++/data
ac-balanced-clean-v1,233,accumulation,119,1252027,1670018,314616628,45731,46304,49,23.926724985,/home/kekai/home/git/mul_line/C++/data
ac-balanced-clean-v1,233,accumulation,120,1262579,1683894,316966060,45731,46170,49,24.038579046,/home/kekai/home/git/mul_line/C++/data
ac-balanced-clean-v1,233,accumulation,121,1272898,1697770,319809474,45731,46167,49,21.91312276,/home/kekai/home/git/mul_line/C++/data
ac-balanced-clean-v1,233,accumulation,122,1283450,1711646,322158906,45731,46170,49,22.230783704,/home/kekai/home/git/mul_line/C++/data
ac-balanced-clean-v1,233,accumulation,123,1293769,1725522,325002320,45731,46304,49,22.15604571,/home/kekai/home/git/mul_line/C++/data
ac-balanced-clean-v1,233,accumulation,124,1304321,1739398,327351752,45731,46170,49,21.63088368,/home/kekai/home/git/mul_line/C++/data
ac-balanced-clean-v1,233,accumulation,125,1314640,1753274,330195166,45731,46167,49,22.244349851,/home/kekai/home/git/mul_line/C++/data
ac-balanced-clean-v1,233,accumulation,126,1325192,1767150,332544598,45731,46170,49,22.064919305,/home/kekai/home/git/mul_line/C++/data
ac-balanced-clean-v1,233,accumulation,127,1335511,1781026,335388012,45731,46167,49,21.910438302,/home/kekai/home/git/mul_line/C++/data
ac-balanced-clean-v1,233,accumulation,128,1346063,1794902,337737444,45731,46033,49,22.008953459,/home/kekai/home/git/mul_line/C++/data
ac-balanced-clean-v1,233,reduction,1,20638,32184,8131357,19815,19873,20,0.596925262,/home/kekai/home/git/mul_line/C++/data
ac-balanced-clean-v1,233,reduction,2,31190,45594,10586752,23597,23681,24,0.407641479,/home/kekai/home/git/mul_line/C++/data
ac-balanced-clean-v1,233,reduction,3,41509,59004,13429469,27285,27383,28,0.813328861,/home/kekai/home/git/mul_line/C++/data
ac-balanced-clean-v1,233,reduction,4,52061,72414,15778204,27285,27516,28,0.636211263,/home/kekai/home/git/mul_line/C++/data
ac-balanced-clean-v1,233,reduction,5,62380,85824,18620921,30973,31218,32,0.790351165,/home/kekai/home/git/mul_line/C++/data
ac-balanced-clean-v1,233,reduction,6,72932,99234,20969656,30973,31221,32,0.891417755,/home/kekai/home/git/mul_line/C++/data
ac-balanced-clean-v1,233,reduction,7,83251,112644,23812373,30973,31351,32,1.016047605,/home/kekai/home/git/mul_line/C++/data
ac-balanced-clean-v1,233,reduction,8,93803,126054,26161108,30973,31218,32,1.142132407,/home/kekai/home/git/mul_line/C++/data
ac-balanced-clean-v1,233,reduction,9,104122,139464,29003825,34661,34920,36,1.317787924,/home/kekai/home/git/mul_line/C++/data
ac-balanced-clean-v1,233,reduction,10,114674,152874,31352560,34661,35056,36,1.581574717,/home/kekai/home/git/mul_line/C++/data
ac-balanced-clean-v1,233,reduction,11,124993,166284,34195277,34661,35189,36,1.464526734,/home/kekai/home/git/mul_line/C++/data
ac-balanced-clean-v1,233,reduction,12,135545,179694,36544012,34661,34923,36,1.718579667,/home/kekai/home/git/mul_line/C++/data
ac-balanced-clean-v1,233,reduction,13,145864,193104,39386729,34661,35053,36,1.808986962,/home/kekai/home/git/mul_line/C++/data
ac-balanced-clean-v1,233,reduction,14,156416,206514,41735464,34661,35056,36,1.653933343,/home/kekai/home/git/mul_line/C++/data
ac-balanced-clean-v1,233,reduction,15,166735,219924,44578181,34661,35053,36,2.02463148,/home/kekai/home/git/mul_line/C++/data
ac-balanced-clean-v1,233,reduction,16,177287,233334,46926916,34661,34920,36,1.755235427,/home/kekai/home/git/mul_line/C++/data
ac-balanced-clean-v1,233,reduction,17,187606,246744,49769633,38349,38622,40,2.300580328,/home/kekai/home/git/mul_line/C++/data
ac-balanced-clean-v1,233,reduction,18,198158,260154,52118368,38349,38758,40,2.182479114,/home/kekai/home/git/mul_line/C++/data
ac-balanced-clean-v1,233,reduction,19,208477,273564,54961085,38349,38891,40,2.192394078,/home/kekai/home/git/mul_line/C++/data
ac-balanced-clean-v1,233,reduction,20,219029,286974,57309820,38349,38758,40,2.634966384,/home/kekai/home/git/mul_line/C++/data
ac-balanced-clean-v1,233,reduction,21,229348,300384,60152537,38349,38891,40,2.577329675,/home/kekai/home/git/mul_line/C++/data
ac-balanced-clean-v1,233,reduction,22,239900,313794,62501272,38349,38894,40,2.875757501,/home/kekai/home/git/mul_line/C++/data
ac-balanced-clean-v1,233,reduction,23,250219,327204,65343989,38349,38891,40,3.105751266,/home/kekai/home/git/mul_line/C++/data
ac-balanced-clean-v1,233,reduction,24,260771,340614,67692724,38349,38625,40,2.849686058,/home/kekai/home/git/mul_line/C++/data
ac-balanced-clean-v1,233,reduction,25,271090,354024,70535441,38349,38755,40,2.823668213,/home/kekai/home/git/mul_line/C++/data
ac-balanced-clean-v1,233,reduction,26,281642,367434,72884176,38349,38758,40,3.427386254,/home/kekai/home/git/mul_line/C++/data
ac-balanced-clean-v1,233,reduction,27,291961,380844,75726893,38349,38891,40,3.462869356,/home/kekai/home/git/mul_line/C++/data
ac-balanced-clean-v1,233,reduction,28,302513,394254,78075628,38349,38758,40,3.283078659,/home/kekai/home/git/mul_line/C++/data
ac-balanced-clean-v1,233,reduction,29,312832,407664,80918345,38349,38755,40,4.495792671,/home/kekai/home/git/mul_line/C++/data
ac-balanced-clean-v1,233,reduction,30,323384,421074,83267080,38349,38758,40,3.951853103,/home/kekai/home/git/mul_line/C++/data
ac-balanced-clean-v1,233,reduction,31,333703,434484,86109797,38349,38755,40,3.508866887,/home/kekai/home/git/mul_line/C++/data
ac-balanced-clean-v1,233,reduction,32,344255,447894,88458532,38349,38622,40,3.497065063,/home/kekai/home/git/mul_line/C++/data
ac-balanced-clean-v1,233,reduction,33,354574,461304,91301249,42037,42324,44,6.844703877,/home/kekai/home/git/mul_line/C++/data
ac-balanced-clean-v1,233,reduction,34,365126,474714,93649984,42037,42460,44,5.217392302,/home/kekai/home/git/mul_line/C++/data
ac-balanced-clean-v1,233,reduction,35,375445,488124,96492701,42037,42593,44,4.480836911,/home/kekai/home/git/mul_line/C++/data
ac-balanced-clean-v1,233,reduction,36,385997,501534,98841436,42037,42460,44,4.783868405,/home/kekai/home/git/mul_line/C++/data
ac-balanced-clean-v1,233,reduction,37,396316,514944,101684153,42037,42593,44,4.331720054,/home/kekai/home/git/mul_line/C++/data
ac-balanced-clean-v1,233,reduction,38,406868,528354,104032888,42037,42596,44,4.488367429,/home/kekai/home/git/mul_line/C++/data
ac-balanced-clean-v1,233,reduction,39,417187,541764,106875605,42037,42593,44,5.805319505,/home/kekai/home/git/mul_line/C++/data
ac-balanced-clean-v1,233,reduction,40,427739,555174,109224340,42037,42460,44,5.379362955,/home/kekai/home/git/mul_line/C++/data
ac-balanced-clean-v1,233,reduction,41,438058,568584,112067057,42037,42593,44,5.763858873,/home/kekai/home/git/mul_line/C++/data
ac-balanced-clean-v1,233,reduction,42,448610,581994,114415792,42037,42596,44,4.98836105,/home/kekai/home/git/mul_line/C++/data
ac-balanced-clean-v1,233,reduction,43,458929,595404,117258509,42037,42729,44,5.213218134,/home/kekai/home/git/mul_line/C++/data
ac-balanced-clean-v1,233,reduction,44,469481,608814,119607244,42037,42596,44,6.185308054,/home/kekai/home/git/mul_line/C++/data
ac-balanced-clean-v1,233,reduction,45,479800,622224,122449961,42037,42593,44,5.13622243,/home/kekai/home/git/mul_line/C++/data
ac-balanced-clean-v1,233,reduction,46,490352,635634,124798696,42037,42596,44,9.441294216,/home/kekai/home/git/mul_line/C++/data
ac-balanced-clean-v1,233,reduction,47,500671,649044,127641413,42037,42593,44,7.763965299,/home/kekai/home/git/mul_line/C++/data
ac-balanced-clean-v1,233,reduction,48,511223,662454,129990148,42037,42327,44,6.013680789,/home/kekai/home/git/mul_line/C++/data
ac-balanced-clean-v1,233,reduction,49,521542,675864,132832865,42037,42457,44,5.946947072,/home/kekai/home/git/mul_line/C++/data
ac-balanced-clean-v1,233,reduction,50,532094,689274,135181600,42037,42460,44,5.668929279,/home/kekai/home/git/mul_line/C++/data
ac-balanced-clean-v1,233,reduction,51,542413,702684,138024317,42037,42593,44,5.874203295,/home/kekai/home/git/mul_line/C++/data
ac-balanced-clean-v1,233,reduction,52,552965,716094,140373052,42037,42460,44,9.045047593,/home/kekai/home/git/mul_line/C++/data
ac-balanced-clean-v1,233,reduction,53,563284,729504,143215769,42037,42593,44,9.207112603,/home/kekai/home/git/mul_line/C++/data
ac-balanced-clean-v1,233,reduction,54,573836,742914,145564504,42037,42596,44,6.695706498,/home/kekai/home/git/mul_line/C++/data
ac-balanced-clean-v1,233,reduction,55,584155,756324,148407221,42037,42593,44,6.631870313,/home/kekai/home/git/mul_line/C++/data
ac-balanced-clean-v1,233,reduction,56,594707,769734,150755956,42037,42460,44,6.503608431,/home/kekai/home/git/mul_line/C++/data
ac-balanced-clean-v1,233,reduction,57,605026,783144,153598673,42037,42457,44,7.176925891,/home/kekai/home/git/mul_line/C++/data
ac-balanced-clean-v1,233,reduction,58,615578,796554,155947408,42037,42460,44,10.791189594,/home/kekai/home/git/mul_line/C++/data
ac-balanced-clean-v1,233,reduction,59,625897,809964,158790125,42037,42593,44,8.703838,/home/kekai/home/git/mul_line/C++/data
ac-balanced-clean-v1,233,reduction,60,636449,823374,161138860,42037,42460,44,7.942300284,/home/kekai/home/git/mul_line/C++/data
ac-balanced-clean-v1,233,reduction,61,646768,836784,163981577,42037,42457,44,7.904113344,/home/kekai/home/git/mul_line/C++/data
ac-balanced-clean-v1,233,reduction,62,657320,850194,166330312,42037,42460,44,7.757014234,/home/kekai/home/git/mul_line/C++/data
ac-balanced-clean-v1,233,reduction,63,667639,863604,169173029,42037,42457,44,8.159001084,/home/kekai/home/git/mul_line/C++/data
ac-balanced-clean-v1,233,reduction,64,678191,877014,171521764,42037,42324,44,7.801558214,/home/kekai/home/git/mul_line/C++/data
